postId,tag
0239b492-d052-46ce-bf61-6ae25edaebcb,fitness
0239b492-d052-46ce-bf61-6ae25edaebcb,fashion
d2fce984-8787-4215-8981-f345eedab309,travel
3c28131c-adbf-497f-8d1d-ebf2845051b6,art
215781aa-ef1a-46cd-9893-ec1f47e4a74f,travel
ce6a1e68-f4de-4311-8d31-875047ea8062,tech
ce6a1e68-f4de-4311-8d31-875047ea8062,food
97fce21e-0b57-4b58-a110-7d2e796d1092,music
97fce21e-0b57-4b58-a110-7d2e796d1092,travel
a5613ada-21db-4c2c-a716-ad7f0b1c6085,food
a5613ada-21db-4c2c-a716-ad7f0b1c6085,fashion
f05e5947-fe6c-45c8-b54a-5667d1068c71,art
f05e5947-fe6c-45c8-b54a-5667d1068c71,travel
c3e5804b-0a24-4775-b0a1-b6d8581171d2,tech
c7f70a14-8a4b-43c3-85e1-1ceac236b5c2,tech
c7f70a14-8a4b-43c3-85e1-1ceac236b5c2,fashion
e40d3d94-f7fd-452a-9484-c0113a626d84,tech
e7d70970-0725-4884-adb6-a7b0daa5d26a,music
80564380-2dfd-47c1-b06b-f9d9344d61ce,art
e697aed4-95c9-4bb1-8bb2-4cbd4135858a,music
50c7caee-fbbf-4138-9e0e-298f99a66175,music
50c7caee-fbbf-4138-9e0e-298f99a66175,nature
c5d0044b-4be6-4a7f-bca0-060df7546db9,fashion
ab2148a6-d7d3-419d-81fd-dacec456a94d,fitness
4ddfbad9-9c87-448e-a43c-b3a23da4a12b,music
4ddfbad9-9c87-448e-a43c-b3a23da4a12b,art
62faab17-58ca-4cf0-b417-2e0812095a9a,art
62faab17-58ca-4cf0-b417-2e0812095a9a,nature
67d93957-e8f9-4aa8-bd97-799b104eb73c,tech
1aa4ce92-cde3-4b89-bb96-12ba24f9c268,fitness
1aa4ce92-cde3-4b89-bb96-12ba24f9c268,travel
9d51042e-1033-4227-90d4-c7dca12d9447,art
9d51042e-1033-4227-90d4-c7dca12d9447,fitness
e1c93465-a866-4fd2-bd9b-8b65ab18756a,tech
03a3b40c-2905-4ce9-9143-5205a782b74f,nature
03a3b40c-2905-4ce9-9143-5205a782b74f,music
a8658c7a-e3f2-40dd-9bdc-f22ae57b9a25,art
a8658c7a-e3f2-40dd-9bdc-f22ae57b9a25,tech
d65cae3f-5884-4dbb-ab53-d5723c567a6b,travel
d65cae3f-5884-4dbb-ab53-d5723c567a6b,nature
4ee67b62-a57b-4df8-b140-ae4ad24c89a9,nature
4ee67b62-a57b-4df8-b140-ae4ad24c89a9,tech
5e1c860f-5d29-4893-bd1e-d3b717872f0d,music
5e1c860f-5d29-4893-bd1e-d3b717872f0d,nature
7716a9e3-5d33-4a08-8f80-0d0d80953f3d,fashion
b9f0c296-fd86-41ad-bb5d-079b8d1a2821,travel
b9f0c296-fd86-41ad-bb5d-079b8d1a2821,music
e8330eac-7797-4f68-9cd1-a046b6c89a8e,tech
e8330eac-7797-4f68-9cd1-a046b6c89a8e,art
fe5cd367-8825-483e-8199-dc3d21a11e75,fitness
af408eb5-faa0-42df-b0b5-f834ec714648,fashion
241413e9-a61b-4627-bfe7-67c0410ef390,fashion
c5cd2e8e-fcda-494d-a867-dfc963ddf9e2,music
2d9e7027-4653-4983-bb96-0f4bd9fd9115,fashion
b0fc9b32-7f00-46bb-b810-477db1eca235,tech
b0fc9b32-7f00-46bb-b810-477db1eca235,art
7636c957-0021-40a9-b283-823349e5aa74,music
be4aef73-b7e3-44b4-8949-d325dbf83fcd,food
7c65a5e1-9b10-4107-a2a3-241aff8ad732,food
81973c72-a0f2-49e9-a62a-f9364b6c4579,art
81973c72-a0f2-49e9-a62a-f9364b6c4579,fitness
82ce8bb9-6170-444f-93e7-aa5846b540e2,fashion
b25b5658-04f8-49d4-a59b-ac74e04dbdf2,fashion
0284b01f-2976-4b4e-8038-880de2832a3a,music
0b5924e1-c9b2-4df1-b4f1-f200a42d670f,nature
0b5924e1-c9b2-4df1-b4f1-f200a42d670f,fitness
d256ad8c-cb5e-4d64-a243-0bbe210a9163,art
f02998f5-9dbc-4a63-ab91-7349e524db1d,food
f02998f5-9dbc-4a63-ab91-7349e524db1d,art
83b59eee-8a5e-4b31-b623-4e984c9d9d17,art
2f8b87bc-28e3-4109-b3d9-39e89a84355d,nature
2f8b87bc-28e3-4109-b3d9-39e89a84355d,music
ce63c526-0018-445f-b7f1-96c06b20a376,fitness
71cfdd5d-880f-4d58-9e03-1889ed0ae3d2,art
184eceda-7dfa-4112-a4c9-357554a79276,music
184eceda-7dfa-4112-a4c9-357554a79276,travel
f3af5fb4-f39a-4a87-838e-1e92767647e6,food
609824b7-74be-4fd3-9182-e030c7d36e26,art
609824b7-74be-4fd3-9182-e030c7d36e26,travel
00f99ade-076b-4d0c-abb6-1ac91796c51e,travel
00f99ade-076b-4d0c-abb6-1ac91796c51e,art
6842f568-055c-4dd9-b690-67c19b9277c0,travel
99449647-5a15-419c-9236-38c937cd41f1,art
99449647-5a15-419c-9236-38c937cd41f1,tech
aa051529-3ad3-440a-b64a-9c697bf52e3c,tech
32db6e9e-9adc-466a-9d3b-719893fe6d9c,tech
4fdcd3b5-cf05-4087-9cb2-d6e4b2e1a8de,travel
4fdcd3b5-cf05-4087-9cb2-d6e4b2e1a8de,music
d5b2bfa9-49fa-4642-9e6d-f84f84c29614,nature
d5b2bfa9-49fa-4642-9e6d-f84f84c29614,tech
35454a1f-77ae-467f-b416-f95f1f7bede0,nature
35454a1f-77ae-467f-b416-f95f1f7bede0,fashion
15af8d27-8d0a-431b-91cb-1394d3418b0b,music
abc504eb-f2e3-4d43-ae20-5c30070dbe24,music
06272bff-ed02-4b36-852f-e6cec409a4e8,fashion
06272bff-ed02-4b36-852f-e6cec409a4e8,travel
2fb40340-c1ae-43de-a4be-eb71fcc08dec,travel
2fb40340-c1ae-43de-a4be-eb71fcc08dec,nature
f29da103-08b6-4f4f-8f4f-e400fbddf7be,tech
1a222ede-996d-4e9a-ae1e-3d7e448c0354,tech
1a222ede-996d-4e9a-ae1e-3d7e448c0354,travel
a9839e6b-f725-477c-b2fc-a5eb02c3a45a,nature
a9839e6b-f725-477c-b2fc-a5eb02c3a45a,fashion
f4663df5-d294-4f52-8fe9-5fdb6ac9ea25,fashion
85215ac3-d303-40ff-b79d-246bc3b3b7f2,fitness
aea5e265-1347-4b9b-8300-31997d2745a0,travel
fac1d173-baa9-44f4-b4de-02a5c9a53185,fitness
fac1d173-baa9-44f4-b4de-02a5c9a53185,fashion
b7069589-cb2d-4b48-9cf1-afd745654157,food
d83461bb-9685-414b-b437-90abe016c7f0,travel
6bbe77e4-7c70-4981-ac45-623f05d83354,fitness
683afeb7-d5fc-4be3-8164-f8761061783f,fashion
683afeb7-d5fc-4be3-8164-f8761061783f,tech
88a42b0a-4ad4-4e49-979a-80040b9d4ad8,music
ee044f4f-129d-4c7e-ad0b-8e228e9539ad,nature
ee044f4f-129d-4c7e-ad0b-8e228e9539ad,travel
b153d804-7169-48c7-a757-98df472ee9c0,nature
ee9048e3-1a11-47ff-81c3-deab05b5bd43,tech
7a24af13-6fb7-4c34-8d87-d7f1de295a63,food
8fe868aa-bfcd-4e0d-93ed-446af8112f7a,fashion
8fe868aa-bfcd-4e0d-93ed-446af8112f7a,nature
89d919bc-569f-48c6-874a-df51dd8de3ed,food
89d919bc-569f-48c6-874a-df51dd8de3ed,fitness
9bf1f763-1063-4a4f-8c3b-f1677cb6bedd,travel
c84c5c22-2c61-4832-be49-fd92253df0e8,fitness
74e18d1a-d339-461c-892f-c2005194a411,nature
e01f30fd-6aba-452c-b51c-5f5dab33c71b,fashion
e01f30fd-6aba-452c-b51c-5f5dab33c71b,nature
1f594f28-3683-4117-ae28-2f39b15f3166,fashion
896003c4-bb91-49ac-ba6b-113a9f784976,fitness
896003c4-bb91-49ac-ba6b-113a9f784976,fashion
e4664eb1-09df-4c04-b772-e3f05eb8722e,travel
e4664eb1-09df-4c04-b772-e3f05eb8722e,tech
9e2d9bf9-1d61-4541-a696-01b42f5bd109,fashion
9e2d9bf9-1d61-4541-a696-01b42f5bd109,music
77bf4937-ab8a-4122-bd45-0db1fd304489,art
e35f4993-4558-4562-939f-9e5a7bbf270b,fitness
e35f4993-4558-4562-939f-9e5a7bbf270b,travel
fc386206-436b-42ee-b5c9-81b9d404f551,tech
836d4ec3-6bfe-404a-9ff6-518005815a16,travel
836d4ec3-6bfe-404a-9ff6-518005815a16,fashion
65f03418-dcf8-4ac0-8732-c8e4a7b1b120,art
65f03418-dcf8-4ac0-8732-c8e4a7b1b120,fashion
865e7d4a-84d6-4955-ac8d-71034fb6bcbd,tech
e51da9cc-14b8-4a1b-9b26-416f3ff48072,fashion
a366e92d-22cc-4d93-8d64-4ff0b3cd18e1,food
eaa9bebb-78ce-4b46-babb-bc16f48fba56,fashion
eaa9bebb-78ce-4b46-babb-bc16f48fba56,music
e9a365ba-586e-4c53-9a76-0340d565d879,music
b822cc24-f0f0-412a-a65a-45819bb30c49,food
054ccb94-83d0-42c3-b3c4-eab09dc9ce73,travel
f9cfb1ce-1995-4573-ba36-609a0c95dfc2,art
f9cfb1ce-1995-4573-ba36-609a0c95dfc2,travel
4ea9792e-d270-42c1-8413-9644b3c180d7,food
4ea9792e-d270-42c1-8413-9644b3c180d7,tech
332980b8-1ea8-44b8-8ac5-09166d4bbdd8,travel
332980b8-1ea8-44b8-8ac5-09166d4bbdd8,fashion
e3e7e303-0c3d-4c5f-9a89-b2122efbb0fb,travel
e3e7e303-0c3d-4c5f-9a89-b2122efbb0fb,fashion
89f46b43-8682-4edb-9e35-429371e5e597,fashion
89f46b43-8682-4edb-9e35-429371e5e597,nature
be6280ba-4c05-48e2-a22e-e3b8251d0e73,tech
be6280ba-4c05-48e2-a22e-e3b8251d0e73,fitness
2d097e14-da74-4249-9ce2-b7f0b5a5936d,food
1bf15977-9767-4bf7-8c38-7bfd8882ed5a,travel
1bf15977-9767-4bf7-8c38-7bfd8882ed5a,fashion
783e133d-27bf-4c57-9059-bbf04c56b884,nature
783e133d-27bf-4c57-9059-bbf04c56b884,travel
f3b2406f-2355-44ca-9db3-7a30660a7ce4,nature
f3b2406f-2355-44ca-9db3-7a30660a7ce4,tech
12dbe6d6-1b27-4c62-8142-45867f9b91b7,fashion
12dbe6d6-1b27-4c62-8142-45867f9b91b7,tech
27971776-b58f-4d5e-a711-ea673f7617e9,art
27971776-b58f-4d5e-a711-ea673f7617e9,travel
3991f315-e36a-452f-bc46-b8593cd22233,fashion
3991f315-e36a-452f-bc46-b8593cd22233,fitness
2676d3af-a21c-4bf6-97a5-60154e94db5f,fitness
2676d3af-a21c-4bf6-97a5-60154e94db5f,fashion
943b227c-25de-4e32-90d9-1e72c951fdb4,nature
943b227c-25de-4e32-90d9-1e72c951fdb4,fashion
7ab1b79e-adf8-42b7-aa46-58b981408148,food
edf57221-ea09-4839-b1a9-f89ba3ae7dd7,music
ea5841dc-ac68-43fb-8d30-c5022771c9e7,nature
ea5841dc-ac68-43fb-8d30-c5022771c9e7,art
780442fb-23d0-40c1-843e-dd3fdd3e1f26,nature
780442fb-23d0-40c1-843e-dd3fdd3e1f26,fitness
4fe34045-f4e9-4290-be07-47f173c46482,tech
bab81683-aede-4421-ab65-e30fe1a6be3a,travel
bab81683-aede-4421-ab65-e30fe1a6be3a,music
1f483082-2fe1-49d1-a3cf-38cb63b6c38d,nature
bc290ed3-5e1d-4736-a664-55c9672948ca,fitness
e225f113-a701-4ea0-af1f-99be8c6227ae,tech
e225f113-a701-4ea0-af1f-99be8c6227ae,music
d40b5d48-cffc-4b17-91e1-41881454bf76,tech
d40b5d48-cffc-4b17-91e1-41881454bf76,travel
d8a4016f-d063-4793-82c4-4496e4abd562,food
d8a4016f-d063-4793-82c4-4496e4abd562,music
5c2b3fc4-72cb-475f-9781-9469bdcffbca,fitness
8dc2bcfc-8ec5-4cb7-9b7f-8ab113a76255,music
55107796-2d53-4d54-997f-bd306e19fee1,tech
6d839433-6dd3-424a-9369-695c64b688ec,nature
6d839433-6dd3-424a-9369-695c64b688ec,fitness
ab95075f-eec6-4fb2-9cd6-628137427cdc,travel
ab95075f-eec6-4fb2-9cd6-628137427cdc,nature
8f2e1e1d-a1df-4d17-bdf5-6ca6dc533595,fitness
37d73fa3-1644-4236-8661-97490a04098f,fashion
dc6d7f4a-4fd7-43a0-9335-291b14688bfa,fitness
67467fb4-88ed-425d-9e94-d3da0d1737b2,food
fe7ef09d-a6d8-4d16-bd7d-7cfaa898c1a5,nature
fe7ef09d-a6d8-4d16-bd7d-7cfaa898c1a5,fitness
d8ed1f09-9f6d-4d12-9b4d-9162156b6132,travel
4112f8dd-b4e2-4726-b8d1-9561060f69e4,travel
db113714-9f49-4446-9385-74cddb8bdd3e,art
db113714-9f49-4446-9385-74cddb8bdd3e,fitness
84471cb0-a04f-4942-b155-6515bc471c37,food
84471cb0-a04f-4942-b155-6515bc471c37,fitness
01b3eef2-9304-47e6-9f01-07710f058650,music
2517eefe-d461-4270-9ec4-07737b82e942,tech
2517eefe-d461-4270-9ec4-07737b82e942,nature
9005b463-fe8e-4683-90bf-8283fc0d42b5,music
9005b463-fe8e-4683-90bf-8283fc0d42b5,nature
46eef022-c072-46fd-9bd7-89a961924861,fitness
46eef022-c072-46fd-9bd7-89a961924861,art
