userId,postId
1,ab2148a6-d7d3-419d-81fd-dacec456a94d
1,b25b5658-04f8-49d4-a59b-ac74e04dbdf2
2,865e7d4a-84d6-4955-ac8d-71034fb6bcbd
4,1f483082-2fe1-49d1-a3cf-38cb63b6c38d
4,0284b01f-2976-4b4e-8038-880de2832a3a
10,9bf1f763-1063-4a4f-8c3b-f1677cb6bedd
11,77bf4937-ab8a-4122-bd45-0db1fd304489
11,e01f30fd-6aba-452c-b51c-5f5dab33c71b
13,1bf15977-9767-4bf7-8c38-7bfd8882ed5a
13,f3b2406f-2355-44ca-9db3-7a30660a7ce4
14,f9cfb1ce-1995-4573-ba36-609a0c95dfc2
15,06272bff-ed02-4b36-852f-e6cec409a4e8
17,b25b5658-04f8-49d4-a59b-ac74e04dbdf2
23,b153d804-7169-48c7-a757-98df472ee9c0
26,eaa9bebb-78ce-4b46-babb-bc16f48fba56
28,a5613ada-21db-4c2c-a716-ad7f0b1c6085
29,d83461bb-9685-414b-b437-90abe016c7f0
29,6bbe77e4-7c70-4981-ac45-623f05d83354
29,bc290ed3-5e1d-4736-a664-55c9672948ca
31,06272bff-ed02-4b36-852f-e6cec409a4e8
33,e1c93465-a866-4fd2-bd9b-8b65ab18756a
33,943b227c-25de-4e32-90d9-1e72c951fdb4
33,7ab1b79e-adf8-42b7-aa46-58b981408148
34,2d097e14-da74-4249-9ce2-b7f0b5a5936d
36,e40d3d94-f7fd-452a-9484-c0113a626d84
36,e7d70970-0725-4884-adb6-a7b0daa5d26a
36,88a42b0a-4ad4-4e49-979a-80040b9d4ad8
37,db113714-9f49-4446-9385-74cddb8bdd3e
39,f05e5947-fe6c-45c8-b54a-5667d1068c71
39,c3e5804b-0a24-4775-b0a1-b6d8581171d2
40,06272bff-ed02-4b36-852f-e6cec409a4e8
41,af408eb5-faa0-42df-b0b5-f834ec714648
45,fc386206-436b-42ee-b5c9-81b9d404f551
46,f9cfb1ce-1995-4573-ba36-609a0c95dfc2
47,836d4ec3-6bfe-404a-9ff6-518005815a16
50,4112f8dd-b4e2-4726-b8d1-9561060f69e4
50,a5613ada-21db-4c2c-a716-ad7f0b1c6085
50,c3e5804b-0a24-4775-b0a1-b6d8581171d2
54,f02998f5-9dbc-4a63-ab91-7349e524db1d
54,83b59eee-8a5e-4b31-b623-4e984c9d9d17
54,2f8b87bc-28e3-4109-b3d9-39e89a84355d
54,e35f4993-4558-4562-939f-9e5a7bbf270b
55,74e18d1a-d339-461c-892f-c2005194a411
59,e7d70970-0725-4884-adb6-a7b0daa5d26a
61,62faab17-58ca-4cf0-b417-2e0812095a9a
63,d5b2bfa9-49fa-4642-9e6d-f84f84c29614
64,783e133d-27bf-4c57-9059-bbf04c56b884
65,db113714-9f49-4446-9385-74cddb8bdd3e
65,84471cb0-a04f-4942-b155-6515bc471c37
70,b822cc24-f0f0-412a-a65a-45819bb30c49
70,054ccb94-83d0-42c3-b3c4-eab09dc9ce73
71,8dc2bcfc-8ec5-4cb7-9b7f-8ab113a76255
71,ab95075f-eec6-4fb2-9cd6-628137427cdc
71,0284b01f-2976-4b4e-8038-880de2832a3a
71,0b5924e1-c9b2-4df1-b4f1-f200a42d670f
73,fac1d173-baa9-44f4-b4de-02a5c9a53185
76,15af8d27-8d0a-431b-91cb-1394d3418b0b
78,bab81683-aede-4421-ab65-e30fe1a6be3a
79,7c65a5e1-9b10-4107-a2a3-241aff8ad732
83,32db6e9e-9adc-466a-9d3b-719893fe6d9c
87,d65cae3f-5884-4dbb-ab53-d5723c567a6b
88,9d51042e-1033-4227-90d4-c7dca12d9447
89,35454a1f-77ae-467f-b416-f95f1f7bede0
91,9bf1f763-1063-4a4f-8c3b-f1677cb6bedd
91,1f594f28-3683-4117-ae28-2f39b15f3166
94,943b227c-25de-4e32-90d9-1e72c951fdb4
94,7ab1b79e-adf8-42b7-aa46-58b981408148
96,a366e92d-22cc-4d93-8d64-4ff0b3cd18e1
96,89d919bc-569f-48c6-874a-df51dd8de3ed
96,1f594f28-3683-4117-ae28-2f39b15f3166
97,9e2d9bf9-1d61-4541-a696-01b42f5bd109
97,55107796-2d53-4d54-997f-bd306e19fee1
97,12dbe6d6-1b27-4c62-8142-45867f9b91b7
97,e697aed4-95c9-4bb1-8bb2-4cbd4135858a
99,aea5e265-1347-4b9b-8300-31997d2745a0
99,fac1d173-baa9-44f4-b4de-02a5c9a53185
102,7716a9e3-5d33-4a08-8f80-0d0d80953f3d
104,27971776-b58f-4d5e-a711-ea673f7617e9
104,a9839e6b-f725-477c-b2fc-a5eb02c3a45a
108,836d4ec3-6bfe-404a-9ff6-518005815a16
109,a5613ada-21db-4c2c-a716-ad7f0b1c6085
109,c7f70a14-8a4b-43c3-85e1-1ceac236b5c2
112,a5613ada-21db-4c2c-a716-ad7f0b1c6085
112,c7f70a14-8a4b-43c3-85e1-1ceac236b5c2
112,06272bff-ed02-4b36-852f-e6cec409a4e8
114,d5b2bfa9-49fa-4642-9e6d-f84f84c29614
118,74e18d1a-d339-461c-892f-c2005194a411
118,8dc2bcfc-8ec5-4cb7-9b7f-8ab113a76255
118,55107796-2d53-4d54-997f-bd306e19fee1
118,6d839433-6dd3-424a-9369-695c64b688ec
120,e3e7e303-0c3d-4c5f-9a89-b2122efbb0fb
125,e1c93465-a866-4fd2-bd9b-8b65ab18756a
125,ee044f4f-129d-4c7e-ad0b-8e228e9539ad
126,82ce8bb9-6170-444f-93e7-aa5846b540e2
126,a366e92d-22cc-4d93-8d64-4ff0b3cd18e1
130,f3af5fb4-f39a-4a87-838e-1e92767647e6
133,ea5841dc-ac68-43fb-8d30-c5022771c9e7
134,a8658c7a-e3f2-40dd-9bdc-f22ae57b9a25
135,f9cfb1ce-1995-4573-ba36-609a0c95dfc2
135,332980b8-1ea8-44b8-8ac5-09166d4bbdd8
137,6d839433-6dd3-424a-9369-695c64b688ec
137,ab95075f-eec6-4fb2-9cd6-628137427cdc
137,215781aa-ef1a-46cd-9893-ec1f47e4a74f
139,9e2d9bf9-1d61-4541-a696-01b42f5bd109
140,06272bff-ed02-4b36-852f-e6cec409a4e8
144,3991f315-e36a-452f-bc46-b8593cd22233
146,e1c93465-a866-4fd2-bd9b-8b65ab18756a
148,e51da9cc-14b8-4a1b-9b26-416f3ff48072
150,9e2d9bf9-1d61-4541-a696-01b42f5bd109
150,fac1d173-baa9-44f4-b4de-02a5c9a53185
152,67467fb4-88ed-425d-9e94-d3da0d1737b2
153,2f8b87bc-28e3-4109-b3d9-39e89a84355d
155,e8330eac-7797-4f68-9cd1-a046b6c89a8e
155,a366e92d-22cc-4d93-8d64-4ff0b3cd18e1
158,7a24af13-6fb7-4c34-8d87-d7f1de295a63
160,a5613ada-21db-4c2c-a716-ad7f0b1c6085
162,12dbe6d6-1b27-4c62-8142-45867f9b91b7
162,27971776-b58f-4d5e-a711-ea673f7617e9
162,3991f315-e36a-452f-bc46-b8593cd22233
164,e40d3d94-f7fd-452a-9484-c0113a626d84
164,e7d70970-0725-4884-adb6-a7b0daa5d26a
166,b25b5658-04f8-49d4-a59b-ac74e04dbdf2
169,e697aed4-95c9-4bb1-8bb2-4cbd4135858a
173,1bf15977-9767-4bf7-8c38-7bfd8882ed5a
173,f3b2406f-2355-44ca-9db3-7a30660a7ce4
173,943b227c-25de-4e32-90d9-1e72c951fdb4
178,d5b2bfa9-49fa-4642-9e6d-f84f84c29614
180,e51da9cc-14b8-4a1b-9b26-416f3ff48072
182,4fdcd3b5-cf05-4087-9cb2-d6e4b2e1a8de
188,0239b492-d052-46ce-bf61-6ae25edaebcb
188,d2fce984-8787-4215-8981-f345eedab309
190,abc504eb-f2e3-4d43-ae20-5c30070dbe24
191,1f483082-2fe1-49d1-a3cf-38cb63b6c38d
192,b822cc24-f0f0-412a-a65a-45819bb30c49
192,054ccb94-83d0-42c3-b3c4-eab09dc9ce73
193,67d93957-e8f9-4aa8-bd97-799b104eb73c
195,ab2148a6-d7d3-419d-81fd-dacec456a94d
195,4ddfbad9-9c87-448e-a43c-b3a23da4a12b
197,ab95075f-eec6-4fb2-9cd6-628137427cdc
199,88a42b0a-4ad4-4e49-979a-80040b9d4ad8
199,06272bff-ed02-4b36-852f-e6cec409a4e8
